Bronx,B
Queens,Q
Queens,Q
Queens,Q
Queens,Q
Queens,Q
Queens,Q
Queens,Q
Queens,Q
Queens,Q
Queens,Q
Queens,Q
Bronx,B
Queens,Q
Queens,Q
Queens,Q
Queens,Q
Queens,Q
Queens,Q
Queens,Q
Queens,Q
Queens,Q
Queens,Q
Queens,Q
Queens,Q
Queens,Q
Queens,Q
Queens,Q
Queens,Q
Brooklyn,B
Brooklyn,B
Brooklyn,B
Brooklyn,B
Queens,Q
Queens,Q
Queens,Q
Queens,Q
Queens,Q
Queens,Q
Queens,Q
Queens,Q
Queens,Q
Queens,Q
Queens,Q
Queens,Q
Queens,Q
Queens,Q
Queens,Q
Queens,Q
Queens,Q
Queens,Q
Queens,Q
Queens,Q
Queens,Q
Queens,Q
Queens,Q
Queens,Q
Queens,Q
Queens,Q
Queens,Q
Queens,Q
Queens,Q
Queens,Q
Queens,Q
Queens,Q
Queens,Q
